{
  "version": "v20260403T025125Z",
  "created_at": "2026-04-03T02:51:39.804646+00:00",
  "train_start_year": 2000,
  "train_end_year": 2024,
  "rows": 5338,
  "features": [
    "age",
    "gp",
    "min",
    "pts",
    "reb",
    "ast",
    "stl",
    "blk",
    "tov",
    "fg_pct",
    "fg3_pct",
    "ft_pct"
  ],
  "targets": [
    "next_gp",
    "next_min",
    "next_pts",
    "next_reb",
    "next_ast",
    "next_stl",
    "next_blk",
    "next_tov",
    "next_fg_pct",
    "next_fg3_pct",
    "next_ft_pct"
  ],
  "validation_mae": {
    "next_gp": 12.432842184418098,
    "next_min": 3.982905995984057,
    "next_pts": 2.374839453338445,
    "next_reb": 0.8934284526903208,
    "next_ast": 0.617642976657734,
    "next_stl": 0.1916754711310029,
    "next_blk": 0.161631871991993,
    "next_tov": 0.3254902931716485,
    "next_fg_pct": 0.03336308544038337,
    "next_fg3_pct": 0.06898235552071627,
    "next_ft_pct": 0.059417431485136486
  },
  "validation_rmse": {
    "next_gp": 15.377703421178513,
    "next_min": 5.151921447185886,
    "next_pts": 3.014177587407143,
    "next_reb": 1.189333658176493,
    "next_ast": 0.8652769258589321,
    "next_stl": 0.2523272739598051,
    "next_blk": 0.23334175197385487,
    "next_tov": 0.4251925302942047,
    "next_fg_pct": 0.04735279301541004,
    "next_fg3_pct": 0.1200650205687783,
    "next_ft_pct": 0.08246416897464864
  },
  "validation_r2": {
    "next_gp": 0.12954890454940848,
    "next_min": 0.6380192569771208,
    "next_pts": 0.7838398159647606,
    "next_reb": 0.7808928028645452,
    "next_ast": 0.8104885437702375,
    "next_stl": 0.6472179658467241,
    "next_blk": 0.760301473236622,
    "next_tov": 0.736005156366677,
    "next_fg_pct": 0.48432601771292283,
    "next_fg3_pct": 0.3573495096693403,
    "next_ft_pct": 0.4659328816859333
  },
  "hyperparameters": {
    "learning_rate": 0.05,
    "max_depth": 6,
    "max_iter": 600,
    "min_samples_leaf": 15,
    "test_size": 0.2
  },
  "model_path": "artifacts\\models\\simulator\\v20260403T025125Z\\model.joblib"
}