{
  "created_at": "2026-03-22T06:37:09.790747Z",
  "train_start_year": 2015,
  "train_end_year": 2022,
  "rows": 2360,
  "features": [
    "age",
    "gp",
    "min",
    "pts",
    "reb",
    "ast",
    "stl",
    "blk",
    "tov",
    "fg_pct",
    "fg3_pct",
    "ft_pct"
  ],
  "targets": [
    "next_gp",
    "next_min",
    "next_pts",
    "next_reb",
    "next_ast",
    "next_stl",
    "next_blk",
    "next_tov",
    "next_fg_pct",
    "next_fg3_pct",
    "next_ft_pct"
  ],
  "validation_mae": {
    "next_gp": 12.899247579250694,
    "next_min": 3.900291672323973,
    "next_pts": 2.3989063984881778,
    "next_reb": 0.9191726450295936,
    "next_ast": 0.6456149511139125,
    "next_stl": 0.19350691546240908,
    "next_blk": 0.15664156404087967,
    "next_tov": 0.3203056475558226,
    "next_fg_pct": 0.034241943948584236,
    "next_fg3_pct": 0.05779572032057476,
    "next_ft_pct": 0.055142283312500914
  },
  "version": "v1",
  "model_path": "artifacts\\models\\simulator\\v1\\model.joblib"
}